TYPMAR2;REGDEP_DOMI;LNEPOUX;NBMAR
FF;1175;ETR_ETR;17
HF;1175;ETR_ETR;1328
HH;1175;ETR_ETR;37
FF;1177;ETR_ETR;2
HF;1177;ETR_ETR;586
HH;1177;ETR_ETR;0
FF;1178;ETR_ETR;1
HF;1178;ETR_ETR;754
HH;1178;ETR_ETR;1
FF;1191;ETR_ETR;1
HF;1191;ETR_ETR;778
HH;1191;ETR_ETR;1
FF;1192;ETR_ETR;4
HF;1192;ETR_ETR;1079
HH;1192;ETR_ETR;8
FF;1193;ETR_ETR;3
HF;1193;ETR_ETR;1469
HH;1193;ETR_ETR;5
FF;1194;ETR_ETR;3
HF;1194;ETR_ETR;1052
HH;1194;ETR_ETR;2
FF;1195;ETR_ETR;0
HF;1195;ETR_ETR;852
HH;1195;ETR_ETR;0
FF;2418;ETR_ETR;0
HF;2418;ETR_ETR;29
HH;2418;ETR_ETR;0
FF;2428;ETR_ETR;0
HF;2428;ETR_ETR;64
HH;2428;ETR_ETR;0
FF;2436;ETR_ETR;0
HF;2436;ETR_ETR;18
HH;2436;ETR_ETR;0
FF;2437;ETR_ETR;0
HF;2437;ETR_ETR;93
HH;2437;ETR_ETR;0
FF;2441;ETR_ETR;0
HF;2441;ETR_ETR;42
HH;2441;ETR_ETR;0
FF;2445;ETR_ETR;0
HF;2445;ETR_ETR;164
HH;2445;ETR_ETR;0
FF;2721;ETR_ETR;0
HF;2721;ETR_ETR;79
HH;2721;ETR_ETR;0
FF;2725;ETR_ETR;0
HF;2725;ETR_ETR;79
HH;2725;ETR_ETR;1
FF;2739;ETR_ETR;0
HF;2739;ETR_ETR;19
HH;2739;ETR_ETR;0
FF;2758;ETR_ETR;0
HF;2758;ETR_ETR;14
HH;2758;ETR_ETR;1
FF;2770;ETR_ETR;0
HF;2770;ETR_ETR;10
HH;2770;ETR_ETR;0
FF;2771;ETR_ETR;0
HF;2771;ETR_ETR;44
HH;2771;ETR_ETR;0
FF;2789;ETR_ETR;0
HF;2789;ETR_ETR;37
HH;2789;ETR_ETR;1
FF;2790;ETR_ETR;0
HF;2790;ETR_ETR;21
HH;2790;ETR_ETR;0
FF;2814;ETR_ETR;0
HF;2814;ETR_ETR;50
HH;2814;ETR_ETR;2
FF;2827;ETR_ETR;1
HF;2827;ETR_ETR;75
HH;2827;ETR_ETR;0
FF;2850;ETR_ETR;0
HF;2850;ETR_ETR;17
HH;2850;ETR_ETR;0
FF;2861;ETR_ETR;0
HF;2861;ETR_ETR;15
HH;2861;ETR_ETR;1
FF;2876;ETR_ETR;0
HF;2876;ETR_ETR;173
HH;2876;ETR_ETR;1
FF;3202;ETR_ETR;0
HF;3202;ETR_ETR;52
HH;3202;ETR_ETR;0
FF;3259;ETR_ETR;1
HF;3259;ETR_ETR;375
HH;3259;ETR_ETR;1
FF;3260;ETR_ETR;0
HF;3260;ETR_ETR;130
HH;3260;ETR_ETR;0
FF;3262;ETR_ETR;0
HF;3262;ETR_ETR;43
HH;3262;ETR_ETR;1
FF;3280;ETR_ETR;0
HF;3280;ETR_ETR;54
HH;3280;ETR_ETR;0
FF;4408;ETR_ETR;0
HF;4408;ETR_ETR;26
HH;4408;ETR_ETR;0
FF;4410;ETR_ETR;0
HF;4410;ETR_ETR;35
HH;4410;ETR_ETR;0
FF;4451;ETR_ETR;0
HF;4451;ETR_ETR;95
HH;4451;ETR_ETR;0
FF;4452;ETR_ETR;0
HF;4452;ETR_ETR;9
HH;4452;ETR_ETR;0
FF;4454;ETR_ETR;1
HF;4454;ETR_ETR;120
HH;4454;ETR_ETR;1
FF;4455;ETR_ETR;0
HF;4455;ETR_ETR;7
HH;4455;ETR_ETR;0
FF;4457;ETR_ETR;0
HF;4457;ETR_ETR;191
HH;4457;ETR_ETR;1
FF;4467;ETR_ETR;1
HF;4467;ETR_ETR;269
HH;4467;ETR_ETR;0
FF;4468;ETR_ETR;1
HF;4468;ETR_ETR;185
HH;4468;ETR_ETR;0
FF;4488;ETR_ETR;0
HF;4488;ETR_ETR;16
HH;4488;ETR_ETR;0
FF;5244;ETR_ETR;1
HF;5244;ETR_ETR;200
HH;5244;ETR_ETR;1
FF;5249;ETR_ETR;0
HF;5249;ETR_ETR;75
HH;5249;ETR_ETR;0
FF;5253;ETR_ETR;0
HF;5253;ETR_ETR;23
HH;5253;ETR_ETR;0
FF;5272;ETR_ETR;0
HF;5272;ETR_ETR;61
HH;5272;ETR_ETR;1
FF;5285;ETR_ETR;0
HF;5285;ETR_ETR;27
HH;5285;ETR_ETR;0
FF;5322;ETR_ETR;0
HF;5322;ETR_ETR;31
HH;5322;ETR_ETR;0
FF;5329;ETR_ETR;1
HF;5329;ETR_ETR;54
HH;5329;ETR_ETR;1
FF;5335;ETR_ETR;0
HF;5335;ETR_ETR;150
HH;5335;ETR_ETR;2
FF;5356;ETR_ETR;0
HF;5356;ETR_ETR;42
HH;5356;ETR_ETR;0
FF;7516;ETR_ETR;1
HF;7516;ETR_ETR;40
HH;7516;ETR_ETR;2
FF;7517;ETR_ETR;0
HF;7517;ETR_ETR;38
HH;7517;ETR_ETR;1
FF;7519;ETR_ETR;0
HF;7519;ETR_ETR;20
HH;7519;ETR_ETR;1
FF;7523;ETR_ETR;0
HF;7523;ETR_ETR;10
HH;7523;ETR_ETR;1
FF;7524;ETR_ETR;0
HF;7524;ETR_ETR;33
HH;7524;ETR_ETR;1
FF;7533;ETR_ETR;2
HF;7533;ETR_ETR;323
HH;7533;ETR_ETR;1
FF;7540;ETR_ETR;0
HF;7540;ETR_ETR;30
HH;7540;ETR_ETR;0
FF;7547;ETR_ETR;1
HF;7547;ETR_ETR;53
HH;7547;ETR_ETR;0
FF;7564;ETR_ETR;1
HF;7564;ETR_ETR;65
HH;7564;ETR_ETR;2
FF;7579;ETR_ETR;0
HF;7579;ETR_ETR;29
HH;7579;ETR_ETR;0
FF;7586;ETR_ETR;0
HF;7586;ETR_ETR;38
HH;7586;ETR_ETR;1
FF;7587;ETR_ETR;0
HF;7587;ETR_ETR;55
HH;7587;ETR_ETR;2
FF;7609;ETR_ETR;0
HF;7609;ETR_ETR;15
HH;7609;ETR_ETR;0
FF;7611;ETR_ETR;2
HF;7611;ETR_ETR;57
HH;7611;ETR_ETR;1
FF;7612;ETR_ETR;0
HF;7612;ETR_ETR;32
HH;7612;ETR_ETR;0
FF;7630;ETR_ETR;0
HF;7630;ETR_ETR;139
HH;7630;ETR_ETR;0
FF;7631;ETR_ETR;4
HF;7631;ETR_ETR;362
HH;7631;ETR_ETR;2
FF;7632;ETR_ETR;0
HF;7632;ETR_ETR;23
HH;7632;ETR_ETR;1
FF;7634;ETR_ETR;2
HF;7634;ETR_ETR;302
HH;7634;ETR_ETR;0
FF;7646;ETR_ETR;0
HF;7646;ETR_ETR;13
HH;7646;ETR_ETR;0
FF;7648;ETR_ETR;0
HF;7648;ETR_ETR;4
HH;7648;ETR_ETR;0
FF;7665;ETR_ETR;1
HF;7665;ETR_ETR;19
HH;7665;ETR_ETR;0
FF;7666;ETR_ETR;1
HF;7666;ETR_ETR;63
HH;7666;ETR_ETR;1
FF;7681;ETR_ETR;1
HF;7681;ETR_ETR;33
HH;7681;ETR_ETR;0
FF;7682;ETR_ETR;0
HF;7682;ETR_ETR;34
HH;7682;ETR_ETR;0
FF;8401;ETR_ETR;0
HF;8401;ETR_ETR;109
HH;8401;ETR_ETR;1
FF;8403;ETR_ETR;1
HF;8403;ETR_ETR;22
HH;8403;ETR_ETR;0
FF;8407;ETR_ETR;0
HF;8407;ETR_ETR;29
HH;8407;ETR_ETR;0
FF;8415;ETR_ETR;0
HF;8415;ETR_ETR;2
HH;8415;ETR_ETR;0
FF;8426;ETR_ETR;0
HF;8426;ETR_ETR;66
HH;8426;ETR_ETR;0
FF;8438;ETR_ETR;2
HF;8438;ETR_ETR;224
HH;8438;ETR_ETR;2
FF;8442;ETR_ETR;0
HF;8442;ETR_ETR;139
HH;8442;ETR_ETR;0
FF;8443;ETR_ETR;0
HF;8443;ETR_ETR;9
HH;8443;ETR_ETR;0
FF;8463;ETR_ETR;0
HF;8463;ETR_ETR;93
HH;8463;ETR_ETR;1
FF;8469;ETR_ETR;3
HF;8469;ETR_ETR;599
HH;8469;ETR_ETR;3
FF;8473;ETR_ETR;0
HF;8473;ETR_ETR;73
HH;8473;ETR_ETR;0
FF;8474;ETR_ETR;2
HF;8474;ETR_ETR;249
HH;8474;ETR_ETR;3
FF;9304;ETR_ETR;0
HF;9304;ETR_ETR;15
HH;9304;ETR_ETR;0
FF;9305;ETR_ETR;0
HF;9305;ETR_ETR;14
HH;9305;ETR_ETR;0
FF;9306;ETR_ETR;3
HF;9306;ETR_ETR;442
HH;9306;ETR_ETR;5
FF;9313;ETR_ETR;0
HF;9313;ETR_ETR;656
HH;9313;ETR_ETR;4
FF;9383;ETR_ETR;0
HF;9383;ETR_ETR;151
HH;9383;ETR_ETR;2
FF;9384;ETR_ETR;1
HF;9384;ETR_ETR;149
HH;9384;ETR_ETR;0
FF;942A;ETR_ETR;0
HF;942A;ETR_ETR;21
HH;942A;ETR_ETR;0
FF;942B;ETR_ETR;0
HF;942B;ETR_ETR;36
HH;942B;ETR_ETR;0
FF;971;ETR_ETR;1
HF;971;ETR_ETR;43
HH;971;ETR_ETR;0
FF;972;ETR_ETR;0
HF;972;ETR_ETR;22
HH;972;ETR_ETR;0
FF;973;ETR_ETR;1
HF;973;ETR_ETR;161
HH;973;ETR_ETR;1
FF;974;ETR_ETR;0
HF;974;ETR_ETR;34
HH;974;ETR_ETR;0
FF;976;ETR_ETR;0
HF;976;ETR_ETR;58
HH;976;ETR_ETR;0
FF;1175;FR_ETR;32
HF;1175;FR_ETR;2501
HH;1175;FR_ETR;162
FF;1177;FR_ETR;8
HF;1177;FR_ETR;986
HH;1177;FR_ETR;14
FF;1178;FR_ETR;7
HF;1178;FR_ETR;1063
HH;1178;FR_ETR;8
FF;1191;FR_ETR;6
HF;1191;FR_ETR;957
HH;1191;FR_ETR;7
FF;1192;FR_ETR;15
HF;1192;FR_ETR;1578
HH;1192;FR_ETR;29
FF;1193;FR_ETR;16
HF;1193;FR_ETR;1577
HH;1193;FR_ETR;19
FF;1194;FR_ETR;8
HF;1194;FR_ETR;1282
HH;1194;FR_ETR;22
FF;1195;FR_ETR;2
HF;1195;FR_ETR;1052
HH;1195;FR_ETR;7
FF;2418;FR_ETR;1
HF;2418;FR_ETR;107
HH;2418;FR_ETR;3
FF;2428;FR_ETR;2
HF;2428;FR_ETR;154
HH;2428;FR_ETR;0
FF;2436;FR_ETR;0
HF;2436;FR_ETR;57
HH;2436;FR_ETR;2
FF;2437;FR_ETR;2
HF;2437;FR_ETR;271
HH;2437;FR_ETR;5
FF;2441;FR_ETR;1
HF;2441;FR_ETR;126
HH;2441;FR_ETR;3
FF;2445;FR_ETR;4
HF;2445;FR_ETR;334
HH;2445;FR_ETR;5
FF;2721;FR_ETR;2
HF;2721;FR_ETR;186
HH;2721;FR_ETR;0
FF;2725;FR_ETR;1
HF;2725;FR_ETR;287
HH;2725;FR_ETR;1
FF;2739;FR_ETR;1
HF;2739;FR_ETR;95
HH;2739;FR_ETR;1
FF;2758;FR_ETR;0
HF;2758;FR_ETR;51
HH;2758;FR_ETR;1
FF;2770;FR_ETR;1
HF;2770;FR_ETR;60
HH;2770;FR_ETR;1
FF;2771;FR_ETR;0
HF;2771;FR_ETR;187
HH;2771;FR_ETR;4
FF;2789;FR_ETR;0
HF;2789;FR_ETR;151
HH;2789;FR_ETR;2
FF;2790;FR_ETR;2
HF;2790;FR_ETR;70
HH;2790;FR_ETR;1
FF;2814;FR_ETR;2
HF;2814;FR_ETR;247
HH;2814;FR_ETR;9
FF;2827;FR_ETR;0
HF;2827;FR_ETR;196
HH;2827;FR_ETR;3
FF;2850;FR_ETR;1
HF;2850;FR_ETR;123
HH;2850;FR_ETR;2
FF;2861;FR_ETR;0
HF;2861;FR_ETR;82
HH;2861;FR_ETR;4
FF;2876;FR_ETR;2
HF;2876;FR_ETR;547
HH;2876;FR_ETR;8
FF;3202;FR_ETR;0
HF;3202;FR_ETR;167
HH;3202;FR_ETR;0
FF;3259;FR_ETR;18
HF;3259;FR_ETR;1222
HH;3259;FR_ETR;15
FF;3260;FR_ETR;3
HF;3260;FR_ETR;362
HH;3260;FR_ETR;4
FF;3262;FR_ETR;4
HF;3262;FR_ETR;318
HH;3262;FR_ETR;7
FF;3280;FR_ETR;1
HF;3280;FR_ETR;167
HH;3280;FR_ETR;1
FF;4408;FR_ETR;0
HF;4408;FR_ETR;64
HH;4408;FR_ETR;3
FF;4410;FR_ETR;1
HF;4410;FR_ETR;105
HH;4410;FR_ETR;2
FF;4451;FR_ETR;0
HF;4451;FR_ETR;205
HH;4451;FR_ETR;2
FF;4452;FR_ETR;0
HF;4452;FR_ETR;29
HH;4452;FR_ETR;0
FF;4454;FR_ETR;1
HF;4454;FR_ETR;347
HH;4454;FR_ETR;7
FF;4455;FR_ETR;1
HF;4455;FR_ETR;55
HH;4455;FR_ETR;1
FF;4457;FR_ETR;3
HF;4457;FR_ETR;525
HH;4457;FR_ETR;3
FF;4467;FR_ETR;7
HF;4467;FR_ETR;736
HH;4467;FR_ETR;2
FF;4468;FR_ETR;2
HF;4468;FR_ETR;490
HH;4468;FR_ETR;6
FF;4488;FR_ETR;0
HF;4488;FR_ETR;80
HH;4488;FR_ETR;2
FF;5244;FR_ETR;10
HF;5244;FR_ETR;635
HH;5244;FR_ETR;10
FF;5249;FR_ETR;1
HF;5249;FR_ETR;307
HH;5249;FR_ETR;3
FF;5253;FR_ETR;1
HF;5253;FR_ETR;95
HH;5253;FR_ETR;2
FF;5272;FR_ETR;1
HF;5272;FR_ETR;176
HH;5272;FR_ETR;6
FF;5285;FR_ETR;2
HF;5285;FR_ETR;176
HH;5285;FR_ETR;9
FF;5322;FR_ETR;2
HF;5322;FR_ETR;186
HH;5322;FR_ETR;1
FF;5329;FR_ETR;6
HF;5329;FR_ETR;295
HH;5329;FR_ETR;2
FF;5335;FR_ETR;4
HF;5335;FR_ETR;376
HH;5335;FR_ETR;5
FF;5356;FR_ETR;4
HF;5356;FR_ETR;225
HH;5356;FR_ETR;3
FF;7516;FR_ETR;0
HF;7516;FR_ETR;141
HH;7516;FR_ETR;4
FF;7517;FR_ETR;1
HF;7517;FR_ETR;211
HH;7517;FR_ETR;6
FF;7519;FR_ETR;0
HF;7519;FR_ETR;67
HH;7519;FR_ETR;4
FF;7523;FR_ETR;3
HF;7523;FR_ETR;19
HH;7523;FR_ETR;0
FF;7524;FR_ETR;2
HF;7524;FR_ETR;169
HH;7524;FR_ETR;2
FF;7533;FR_ETR;15
HF;7533;FR_ETR;920
HH;7533;FR_ETR;13
FF;7540;FR_ETR;2
HF;7540;FR_ETR;162
HH;7540;FR_ETR;1
FF;7547;FR_ETR;2
HF;7547;FR_ETR;132
HH;7547;FR_ETR;1
FF;7564;FR_ETR;3
HF;7564;FR_ETR;303
HH;7564;FR_ETR;8
FF;7579;FR_ETR;3
HF;7579;FR_ETR;95
HH;7579;FR_ETR;0
FF;7586;FR_ETR;4
HF;7586;FR_ETR;157
HH;7586;FR_ETR;3
FF;7587;FR_ETR;0
HF;7587;FR_ETR;120
HH;7587;FR_ETR;0
FF;7609;FR_ETR;1
HF;7609;FR_ETR;67
HH;7609;FR_ETR;3
FF;7611;FR_ETR;5
HF;7611;FR_ETR;198
HH;7611;FR_ETR;1
FF;7612;FR_ETR;3
HF;7612;FR_ETR;91
HH;7612;FR_ETR;4
FF;7630;FR_ETR;2
HF;7630;FR_ETR;416
HH;7630;FR_ETR;8
FF;7631;FR_ETR;15
HF;7631;FR_ETR;929
HH;7631;FR_ETR;25
FF;7632;FR_ETR;0
HF;7632;FR_ETR;79
HH;7632;FR_ETR;1
FF;7634;FR_ETR;9
HF;7634;FR_ETR;749
HH;7634;FR_ETR;19
FF;7646;FR_ETR;3
HF;7646;FR_ETR;73
HH;7646;FR_ETR;0
FF;7648;FR_ETR;0
HF;7648;FR_ETR;20
HH;7648;FR_ETR;0
FF;7665;FR_ETR;1
HF;7665;FR_ETR;91
HH;7665;FR_ETR;1
FF;7666;FR_ETR;3
HF;7666;FR_ETR;240
HH;7666;FR_ETR;4
FF;7681;FR_ETR;3
HF;7681;FR_ETR;140
HH;7681;FR_ETR;3
FF;7682;FR_ETR;2
HF;7682;FR_ETR;124
HH;7682;FR_ETR;3
FF;8401;FR_ETR;5
HF;8401;FR_ETR;377
HH;8401;FR_ETR;2
FF;8403;FR_ETR;1
HF;8403;FR_ETR;98
HH;8403;FR_ETR;3
FF;8407;FR_ETR;2
HF;8407;FR_ETR;112
HH;8407;FR_ETR;3
FF;8415;FR_ETR;0
HF;8415;FR_ETR;31
HH;8415;FR_ETR;1
FF;8426;FR_ETR;3
HF;8426;FR_ETR;276
HH;8426;FR_ETR;1
FF;8438;FR_ETR;8
HF;8438;FR_ETR;670
HH;8438;FR_ETR;6
FF;8442;FR_ETR;3
HF;8442;FR_ETR;384
HH;8442;FR_ETR;5
FF;8443;FR_ETR;0
HF;8443;FR_ETR;64
HH;8443;FR_ETR;0
FF;8463;FR_ETR;4
HF;8463;FR_ETR;257
HH;8463;FR_ETR;2
FF;8469;FR_ETR;11
HF;8469;FR_ETR;1402
HH;8469;FR_ETR;27
FF;8473;FR_ETR;0
HF;8473;FR_ETR;226
HH;8473;FR_ETR;0
FF;8474;FR_ETR;11
HF;8474;FR_ETR;641
HH;8474;FR_ETR;13
FF;9304;FR_ETR;2
HF;9304;FR_ETR;74
HH;9304;FR_ETR;2
FF;9305;FR_ETR;0
HF;9305;FR_ETR;53
HH;9305;FR_ETR;0
FF;9306;FR_ETR;9
HF;9306;FR_ETR;982
HH;9306;FR_ETR;23
FF;9313;FR_ETR;9
HF;9313;FR_ETR;1466
HH;9313;FR_ETR;16
FF;9383;FR_ETR;5
HF;9383;FR_ETR;606
HH;9383;FR_ETR;10
FF;9384;FR_ETR;0
HF;9384;FR_ETR;388
HH;9384;FR_ETR;5
FF;942A;FR_ETR;0
HF;942A;FR_ETR;64
HH;942A;FR_ETR;1
FF;942B;FR_ETR;1
HF;942B;FR_ETR;76
HH;942B;FR_ETR;1
FF;971;FR_ETR;2
HF;971;FR_ETR;89
HH;971;FR_ETR;0
FF;972;FR_ETR;0
HF;972;FR_ETR;77
HH;972;FR_ETR;1
FF;973;FR_ETR;1
HF;973;FR_ETR;209
HH;973;FR_ETR;2
FF;974;FR_ETR;2
HF;974;FR_ETR;221
HH;974;FR_ETR;4
FF;976;FR_ETR;0
HF;976;FR_ETR;181
HH;976;FR_ETR;3
FF;1175;FR_FR;109
HF;1175;FR_FR;4995
HH;1175;FR_FR;226
FF;1177;FR_FR;52
HF;1177;FR_FR;3287
HH;1177;FR_FR;37
FF;1178;FR_FR;46
HF;1178;FR_FR;2980
HH;1178;FR_FR;28
FF;1191;FR_FR;44
HF;1191;FR_FR;2622
HH;1191;FR_FR;18
FF;1192;FR_FR;65
HF;1192;FR_FR;3435
HH;1192;FR_FR;46
FF;1193;FR_FR;35
HF;1193;FR_FR;2567
HH;1193;FR_FR;32
FF;1194;FR_FR;58
HF;1194;FR_FR;2728
HH;1194;FR_FR;33
FF;1195;FR_FR;33
HF;1195;FR_FR;2730
HH;1195;FR_FR;18
FF;2418;FR_FR;9
HF;2418;FR_FR;679
HH;2418;FR_FR;8
FF;2428;FR_FR;13
HF;2428;FR_FR;1021
HH;2428;FR_FR;13
FF;2436;FR_FR;8
HF;2436;FR_FR;453
HH;2436;FR_FR;5
FF;2437;FR_FR;36
HF;2437;FR_FR;1435
HH;2437;FR_FR;19
FF;2441;FR_FR;13
HF;2441;FR_FR;776
HH;2441;FR_FR;4
FF;2445;FR_FR;29
HF;2445;FR_FR;1579
HH;2445;FR_FR;24
FF;2721;FR_FR;24
HF;2721;FR_FR;1188
HH;2721;FR_FR;18
FF;2725;FR_FR;25
HF;2725;FR_FR;1268
HH;2725;FR_FR;15
FF;2739;FR_FR;12
HF;2739;FR_FR;581
HH;2739;FR_FR;5
FF;2758;FR_FR;4
HF;2758;FR_FR;415
HH;2758;FR_FR;7
FF;2770;FR_FR;9
HF;2770;FR_FR;594
HH;2770;FR_FR;8
FF;2771;FR_FR;20
HF;2771;FR_FR;1197
HH;2771;FR_FR;11
FF;2789;FR_FR;13
HF;2789;FR_FR;741
HH;2789;FR_FR;10
FF;2790;FR_FR;3
HF;2790;FR_FR;361
HH;2790;FR_FR;2
FF;2814;FR_FR;40
HF;2814;FR_FR;1760
HH;2814;FR_FR;22
FF;2827;FR_FR;32
HF;2827;FR_FR;1662
HH;2827;FR_FR;24
FF;2850;FR_FR;15
HF;2850;FR_FR;1135
HH;2850;FR_FR;23
FF;2861;FR_FR;11
HF;2861;FR_FR;629
HH;2861;FR_FR;11
FF;2876;FR_FR;66
HF;2876;FR_FR;3091
HH;2876;FR_FR;49
FF;3202;FR_FR;22
HF;3202;FR_FR;1154
HH;3202;FR_FR;11
FF;3259;FR_FR;136
HF;3259;FR_FR;6729
HH;3259;FR_FR;81
FF;3260;FR_FR;28
HF;3260;FR_FR;1865
HH;3260;FR_FR;16
FF;3262;FR_FR;103
HF;3262;FR_FR;3962
HH;3262;FR_FR;48
FF;3280;FR_FR;23
HF;3280;FR_FR;1224
HH;3280;FR_FR;11
FF;4408;FR_FR;12
HF;4408;FR_FR;566
HH;4408;FR_FR;4
FF;4410;FR_FR;13
HF;4410;FR_FR;697
HH;4410;FR_FR;5
FF;4451;FR_FR;19
HF;4451;FR_FR;1308
HH;4451;FR_FR;10
FF;4452;FR_FR;3
HF;4452;FR_FR;379
HH;4452;FR_FR;3
FF;4454;FR_FR;33
HF;4454;FR_FR;1804
HH;4454;FR_FR;17
FF;4455;FR_FR;3
HF;4455;FR_FR;420
HH;4455;FR_FR;2
FF;4457;FR_FR;41
HF;4457;FR_FR;2714
HH;4457;FR_FR;22
FF;4467;FR_FR;36
HF;4467;FR_FR;3022
HH;4467;FR_FR;27
FF;4468;FR_FR;24
HF;4468;FR_FR;1983
HH;4468;FR_FR;14
FF;4488;FR_FR;8
HF;4488;FR_FR;810
HH;4488;FR_FR;7
FF;5244;FR_FR;82
HF;5244;FR_FR;3653
HH;5244;FR_FR;62
FF;5249;FR_FR;36
HF;5249;FR_FR;2044
HH;5249;FR_FR;17
FF;5253;FR_FR;14
HF;5253;FR_FR;700
HH;5253;FR_FR;3
FF;5272;FR_FR;33
HF;5272;FR_FR;1257
HH;5272;FR_FR;17
FF;5285;FR_FR;48
HF;5285;FR_FR;1988
HH;5285;FR_FR;26
FF;5322;FR_FR;34
HF;5322;FR_FR;1349
HH;5322;FR_FR;11
FF;5329;FR_FR;41
HF;5329;FR_FR;2159
HH;5329;FR_FR;25
FF;5335;FR_FR;53
HF;5335;FR_FR;2434
HH;5335;FR_FR;30
FF;5356;FR_FR;35
HF;5356;FR_FR;1916
HH;5356;FR_FR;20
FF;7516;FR_FR;20
HF;7516;FR_FR;843
HH;7516;FR_FR;15
FF;7517;FR_FR;51
HF;7517;FR_FR;1573
HH;7517;FR_FR;23
FF;7519;FR_FR;7
HF;7519;FR_FR;516
HH;7519;FR_FR;7
FF;7523;FR_FR;2
HF;7523;FR_FR;183
HH;7523;FR_FR;2
FF;7524;FR_FR;22
HF;7524;FR_FR;952
HH;7524;FR_FR;11
FF;7533;FR_FR;98
HF;7533;FR_FR;4290
HH;7533;FR_FR;78
FF;7540;FR_FR;26
HF;7540;FR_FR;1015
HH;7540;FR_FR;8
FF;7547;FR_FR;14
HF;7547;FR_FR;670
HH;7547;FR_FR;9
FF;7564;FR_FR;37
HF;7564;FR_FR;1381
HH;7564;FR_FR;18
FF;7579;FR_FR;12
HF;7579;FR_FR;788
HH;7579;FR_FR;6
FF;7586;FR_FR;26
HF;7586;FR_FR;883
HH;7586;FR_FR;11
FF;7587;FR_FR;22
HF;7587;FR_FR;729
HH;7587;FR_FR;12
FF;7609;FR_FR;13
HF;7609;FR_FR;320
HH;7609;FR_FR;6
FF;7611;FR_FR;18
HF;7611;FR_FR;815
HH;7611;FR_FR;8
FF;7612;FR_FR;13
HF;7612;FR_FR;665
HH;7612;FR_FR;10
FF;7630;FR_FR;53
HF;7630;FR_FR;1970
HH;7630;FR_FR;36
FF;7631;FR_FR;92
HF;7631;FR_FR;3182
HH;7631;FR_FR;53
FF;7632;FR_FR;8
HF;7632;FR_FR;423
HH;7632;FR_FR;6
FF;7634;FR_FR;89
HF;7634;FR_FR;2843
HH;7634;FR_FR;57
FF;7646;FR_FR;6
HF;7646;FR_FR;377
HH;7646;FR_FR;7
FF;7648;FR_FR;6
HF;7648;FR_FR;109
HH;7648;FR_FR;0
FF;7665;FR_FR;10
HF;7665;FR_FR;438
HH;7665;FR_FR;7
FF;7666;FR_FR;31
HF;7666;FR_FR;1126
HH;7666;FR_FR;28
FF;7681;FR_FR;23
HF;7681;FR_FR;823
HH;7681;FR_FR;8
FF;7682;FR_FR;16
HF;7682;FR_FR;630
HH;7682;FR_FR;6
FF;8401;FR_FR;25
HF;8401;FR_FR;1625
HH;8401;FR_FR;16
FF;8403;FR_FR;11
HF;8403;FR_FR;741
HH;8403;FR_FR;6
FF;8407;FR_FR;12
HF;8407;FR_FR;829
HH;8407;FR_FR;9
FF;8415;FR_FR;9
HF;8415;FR_FR;282
HH;8415;FR_FR;2
FF;8426;FR_FR;30
HF;8426;FR_FR;1399
HH;8426;FR_FR;19
FF;8438;FR_FR;62
HF;8438;FR_FR;3324
HH;8438;FR_FR;27
FF;8442;FR_FR;25
HF;8442;FR_FR;1822
HH;8442;FR_FR;18
FF;8443;FR_FR;6
HF;8443;FR_FR;556
HH;8443;FR_FR;4
FF;8463;FR_FR;28
HF;8463;FR_FR;1489
HH;8463;FR_FR;25
FF;8469;FR_FR;106
HF;8469;FR_FR;4778
HH;8469;FR_FR;61
FF;8473;FR_FR;23
HF;8473;FR_FR;1053
HH;8473;FR_FR;8
FF;8474;FR_FR;43
HF;8474;FR_FR;2112
HH;8474;FR_FR;17
FF;9304;FR_FR;8
HF;9304;FR_FR;377
HH;9304;FR_FR;6
FF;9305;FR_FR;10
HF;9305;FR_FR;362
HH;9305;FR_FR;2
FF;9306;FR_FR;47
HF;9306;FR_FR;2388
HH;9306;FR_FR;49
FF;9313;FR_FR;101
HF;9313;FR_FR;5383
HH;9313;FR_FR;60
FF;9383;FR_FR;69
HF;9383;FR_FR;2998
HH;9383;FR_FR;42
FF;9384;FR_FR;32
HF;9384;FR_FR;1483
HH;9384;FR_FR;20
FF;942A;FR_FR;4
HF;942A;FR_FR;392
HH;942A;FR_FR;3
FF;942B;FR_FR;7
HF;942B;FR_FR;403
HH;942B;FR_FR;1
FF;971;FR_FR;2
HF;971;FR_FR;762
HH;971;FR_FR;1
FF;972;FR_FR;3
HF;972;FR_FR;918
HH;972;FR_FR;2
FF;973;FR_FR;1
HF;973;FR_FR;248
HH;973;FR_FR;1
FF;974;FR_FR;28
HF;974;FR_FR;2562
HH;974;FR_FR;12
FF;976;FR_FR;0
HF;976;FR_FR;100
HH;976;FR_FR;1
FF;1175;TOTAL;158
HF;1175;TOTAL;8824
HH;1175;TOTAL;425
FF;1177;TOTAL;62
HF;1177;TOTAL;4859
HH;1177;TOTAL;51
FF;1178;TOTAL;54
HF;1178;TOTAL;4797
HH;1178;TOTAL;37
FF;1191;TOTAL;51
HF;1191;TOTAL;4357
HH;1191;TOTAL;26
FF;1192;TOTAL;84
HF;1192;TOTAL;6092
HH;1192;TOTAL;83
FF;1193;TOTAL;54
HF;1193;TOTAL;5613
HH;1193;TOTAL;56
FF;1194;TOTAL;69
HF;1194;TOTAL;5062
HH;1194;TOTAL;57
FF;1195;TOTAL;35
HF;1195;TOTAL;4634
HH;1195;TOTAL;25
FF;2418;TOTAL;10
HF;2418;TOTAL;815
HH;2418;TOTAL;11
FF;2428;TOTAL;15
HF;2428;TOTAL;1239
HH;2428;TOTAL;13
FF;2436;TOTAL;8
HF;2436;TOTAL;528
HH;2436;TOTAL;7
FF;2437;TOTAL;38
HF;2437;TOTAL;1799
HH;2437;TOTAL;24
FF;2441;TOTAL;14
HF;2441;TOTAL;944
HH;2441;TOTAL;7
FF;2445;TOTAL;33
HF;2445;TOTAL;2077
HH;2445;TOTAL;29
FF;2721;TOTAL;26
HF;2721;TOTAL;1453
HH;2721;TOTAL;18
FF;2725;TOTAL;26
HF;2725;TOTAL;1634
HH;2725;TOTAL;17
FF;2739;TOTAL;13
HF;2739;TOTAL;695
HH;2739;TOTAL;6
FF;2758;TOTAL;4
HF;2758;TOTAL;480
HH;2758;TOTAL;9
FF;2770;TOTAL;10
HF;2770;TOTAL;664
HH;2770;TOTAL;9
FF;2771;TOTAL;20
HF;2771;TOTAL;1428
HH;2771;TOTAL;15
FF;2789;TOTAL;13
HF;2789;TOTAL;929
HH;2789;TOTAL;13
FF;2790;TOTAL;5
HF;2790;TOTAL;452
HH;2790;TOTAL;3
FF;2814;TOTAL;42
HF;2814;TOTAL;2057
HH;2814;TOTAL;33
FF;2827;TOTAL;33
HF;2827;TOTAL;1933
HH;2827;TOTAL;27
FF;2850;TOTAL;16
HF;2850;TOTAL;1275
HH;2850;TOTAL;25
FF;2861;TOTAL;11
HF;2861;TOTAL;726
HH;2861;TOTAL;16
FF;2876;TOTAL;68
HF;2876;TOTAL;3811
HH;2876;TOTAL;58
FF;3202;TOTAL;22
HF;3202;TOTAL;1373
HH;3202;TOTAL;11
FF;3259;TOTAL;155
HF;3259;TOTAL;8326
HH;3259;TOTAL;97
FF;3260;TOTAL;31
HF;3260;TOTAL;2357
HH;3260;TOTAL;20
FF;3262;TOTAL;107
HF;3262;TOTAL;4323
HH;3262;TOTAL;56
FF;3280;TOTAL;24
HF;3280;TOTAL;1445
HH;3280;TOTAL;12
FF;4408;TOTAL;12
HF;4408;TOTAL;656
HH;4408;TOTAL;7
FF;4410;TOTAL;14
HF;4410;TOTAL;837
HH;4410;TOTAL;7
FF;4451;TOTAL;19
HF;4451;TOTAL;1608
HH;4451;TOTAL;12
FF;4452;TOTAL;3
HF;4452;TOTAL;417
HH;4452;TOTAL;3
FF;4454;TOTAL;35
HF;4454;TOTAL;2271
HH;4454;TOTAL;25
FF;4455;TOTAL;4
HF;4455;TOTAL;482
HH;4455;TOTAL;3
FF;4457;TOTAL;44
HF;4457;TOTAL;3430
HH;4457;TOTAL;26
FF;4467;TOTAL;44
HF;4467;TOTAL;4027
HH;4467;TOTAL;29
FF;4468;TOTAL;27
HF;4468;TOTAL;2658
HH;4468;TOTAL;20
FF;4488;TOTAL;8
HF;4488;TOTAL;906
HH;4488;TOTAL;9
FF;5244;TOTAL;93
HF;5244;TOTAL;4488
HH;5244;TOTAL;73
FF;5249;TOTAL;37
HF;5249;TOTAL;2426
HH;5249;TOTAL;20
FF;5253;TOTAL;15
HF;5253;TOTAL;818
HH;5253;TOTAL;5
FF;5272;TOTAL;34
HF;5272;TOTAL;1494
HH;5272;TOTAL;24
FF;5285;TOTAL;50
HF;5285;TOTAL;2191
HH;5285;TOTAL;35
FF;5322;TOTAL;36
HF;5322;TOTAL;1566
HH;5322;TOTAL;12
FF;5329;TOTAL;48
HF;5329;TOTAL;2508
HH;5329;TOTAL;28
FF;5335;TOTAL;57
HF;5335;TOTAL;2960
HH;5335;TOTAL;37
FF;5356;TOTAL;39
HF;5356;TOTAL;2183
HH;5356;TOTAL;23
FF;7516;TOTAL;21
HF;7516;TOTAL;1024
HH;7516;TOTAL;21
FF;7517;TOTAL;52
HF;7517;TOTAL;1822
HH;7517;TOTAL;30
FF;7519;TOTAL;7
HF;7519;TOTAL;603
HH;7519;TOTAL;12
FF;7523;TOTAL;5
HF;7523;TOTAL;212
HH;7523;TOTAL;3
FF;7524;TOTAL;24
HF;7524;TOTAL;1154
HH;7524;TOTAL;14
FF;7533;TOTAL;115
HF;7533;TOTAL;5533
HH;7533;TOTAL;92
FF;7540;TOTAL;28
HF;7540;TOTAL;1207
HH;7540;TOTAL;9
FF;7547;TOTAL;17
HF;7547;TOTAL;855
HH;7547;TOTAL;10
FF;7564;TOTAL;41
HF;7564;TOTAL;1749
HH;7564;TOTAL;28
FF;7579;TOTAL;15
HF;7579;TOTAL;912
HH;7579;TOTAL;6
FF;7586;TOTAL;30
HF;7586;TOTAL;1078
HH;7586;TOTAL;15
FF;7587;TOTAL;22
HF;7587;TOTAL;904
HH;7587;TOTAL;14
FF;7609;TOTAL;14
HF;7609;TOTAL;402
HH;7609;TOTAL;9
FF;7611;TOTAL;25
HF;7611;TOTAL;1070
HH;7611;TOTAL;10
FF;7612;TOTAL;16
HF;7612;TOTAL;788
HH;7612;TOTAL;14
FF;7630;TOTAL;55
HF;7630;TOTAL;2525
HH;7630;TOTAL;44
FF;7631;TOTAL;111
HF;7631;TOTAL;4473
HH;7631;TOTAL;80
FF;7632;TOTAL;8
HF;7632;TOTAL;525
HH;7632;TOTAL;8
FF;7634;TOTAL;100
HF;7634;TOTAL;3894
HH;7634;TOTAL;76
FF;7646;TOTAL;9
HF;7646;TOTAL;463
HH;7646;TOTAL;7
FF;7648;TOTAL;6
HF;7648;TOTAL;133
HH;7648;TOTAL;0
FF;7665;TOTAL;12
HF;7665;TOTAL;548
HH;7665;TOTAL;8
FF;7666;TOTAL;35
HF;7666;TOTAL;1429
HH;7666;TOTAL;33
FF;7681;TOTAL;27
HF;7681;TOTAL;996
HH;7681;TOTAL;11
FF;7682;TOTAL;18
HF;7682;TOTAL;788
HH;7682;TOTAL;9
FF;8401;TOTAL;30
HF;8401;TOTAL;2111
HH;8401;TOTAL;19
FF;8403;TOTAL;13
HF;8403;TOTAL;861
HH;8403;TOTAL;9
FF;8407;TOTAL;14
HF;8407;TOTAL;970
HH;8407;TOTAL;12
FF;8415;TOTAL;9
HF;8415;TOTAL;315
HH;8415;TOTAL;3
FF;8426;TOTAL;33
HF;8426;TOTAL;1741
HH;8426;TOTAL;20
FF;8438;TOTAL;72
HF;8438;TOTAL;4218
HH;8438;TOTAL;35
FF;8442;TOTAL;28
HF;8442;TOTAL;2345
HH;8442;TOTAL;23
FF;8443;TOTAL;6
HF;8443;TOTAL;629
HH;8443;TOTAL;4
FF;8463;TOTAL;32
HF;8463;TOTAL;1839
HH;8463;TOTAL;28
FF;8469;TOTAL;120
HF;8469;TOTAL;6779
HH;8469;TOTAL;91
FF;8473;TOTAL;23
HF;8473;TOTAL;1352
HH;8473;TOTAL;8
FF;8474;TOTAL;56
HF;8474;TOTAL;3002
HH;8474;TOTAL;33
FF;9304;TOTAL;10
HF;9304;TOTAL;466
HH;9304;TOTAL;8
FF;9305;TOTAL;10
HF;9305;TOTAL;429
HH;9305;TOTAL;2
FF;9306;TOTAL;59
HF;9306;TOTAL;3812
HH;9306;TOTAL;77
FF;9313;TOTAL;110
HF;9313;TOTAL;7505
HH;9313;TOTAL;80
FF;9383;TOTAL;74
HF;9383;TOTAL;3755
HH;9383;TOTAL;54
FF;9384;TOTAL;33
HF;9384;TOTAL;2020
HH;9384;TOTAL;25
FF;942A;TOTAL;4
HF;942A;TOTAL;477
HH;942A;TOTAL;4
FF;942B;TOTAL;8
HF;942B;TOTAL;515
HH;942B;TOTAL;2
FF;971;TOTAL;5
HF;971;TOTAL;894
HH;971;TOTAL;1
FF;972;TOTAL;3
HF;972;TOTAL;1017
HH;972;TOTAL;3
FF;973;TOTAL;3
HF;973;TOTAL;618
HH;973;TOTAL;4
FF;974;TOTAL;30
HF;974;TOTAL;2817
HH;974;TOTAL;16
FF;976;TOTAL;0
HF;976;TOTAL;339
HH;976;TOTAL;4
FF;11XX;ETR_ETR;31
HF;11XX;ETR_ETR;7898
HH;11XX;ETR_ETR;54
FF;24XX;ETR_ETR;0
HF;24XX;ETR_ETR;410
HH;24XX;ETR_ETR;0
FF;27XX;ETR_ETR;0
HF;27XX;ETR_ETR;303
HH;27XX;ETR_ETR;3
FF;28XX;ETR_ETR;1
HF;28XX;ETR_ETR;330
HH;28XX;ETR_ETR;4
FF;32XX;ETR_ETR;1
HF;32XX;ETR_ETR;654
HH;32XX;ETR_ETR;2
FF;44XX;ETR_ETR;3
HF;44XX;ETR_ETR;953
HH;44XX;ETR_ETR;2
FF;52XX;ETR_ETR;1
HF;52XX;ETR_ETR;386
HH;52XX;ETR_ETR;2
FF;53XX;ETR_ETR;1
HF;53XX;ETR_ETR;277
HH;53XX;ETR_ETR;3
FF;75XX;ETR_ETR;5
HF;75XX;ETR_ETR;734
HH;75XX;ETR_ETR;12
FF;76XX;ETR_ETR;11
HF;76XX;ETR_ETR;1096
HH;76XX;ETR_ETR;5
FF;84XX;ETR_ETR;8
HF;84XX;ETR_ETR;1614
HH;84XX;ETR_ETR;10
FF;93XX;ETR_ETR;4
HF;93XX;ETR_ETR;1427
HH;93XX;ETR_ETR;11
FF;94XX;ETR_ETR;0
HF;94XX;ETR_ETR;57
HH;94XX;ETR_ETR;0
FF;97XX;ETR_ETR;2
HF;97XX;ETR_ETR;318
HH;97XX;ETR_ETR;1
FF;11XX;FR_ETR;94
HF;11XX;FR_ETR;10996
HH;11XX;FR_ETR;268
FF;24XX;FR_ETR;10
HF;24XX;FR_ETR;1049
HH;24XX;FR_ETR;18
FF;27XX;FR_ETR;7
HF;27XX;FR_ETR;1087
HH;27XX;FR_ETR;11
FF;28XX;FR_ETR;5
HF;28XX;FR_ETR;1195
HH;28XX;FR_ETR;26
FF;32XX;FR_ETR;26
HF;32XX;FR_ETR;2236
HH;32XX;FR_ETR;27
FF;44XX;FR_ETR;15
HF;44XX;FR_ETR;2636
HH;44XX;FR_ETR;28
FF;52XX;FR_ETR;15
HF;52XX;FR_ETR;1389
HH;52XX;FR_ETR;30
FF;53XX;FR_ETR;16
HF;53XX;FR_ETR;1082
HH;53XX;FR_ETR;11
FF;75XX;FR_ETR;35
HF;75XX;FR_ETR;2496
HH;75XX;FR_ETR;42
FF;76XX;FR_ETR;47
HF;76XX;FR_ETR;3217
HH;76XX;FR_ETR;72
FF;84XX;FR_ETR;48
HF;84XX;FR_ETR;4538
HH;84XX;FR_ETR;63
FF;93XX;FR_ETR;25
HF;93XX;FR_ETR;3569
HH;93XX;FR_ETR;56
FF;94XX;FR_ETR;1
HF;94XX;FR_ETR;140
HH;94XX;FR_ETR;2
FF;97XX;FR_ETR;5
HF;97XX;FR_ETR;777
HH;97XX;FR_ETR;10
FF;11XX;FR_FR;442
HF;11XX;FR_FR;25344
HH;11XX;FR_FR;438
FF;24XX;FR_FR;108
HF;24XX;FR_FR;5943
HH;24XX;FR_FR;73
FF;27XX;FR_FR;110
HF;27XX;FR_FR;6345
HH;27XX;FR_FR;76
FF;28XX;FR_FR;164
HF;28XX;FR_FR;8277
HH;28XX;FR_FR;129
FF;32XX;FR_FR;312
HF;32XX;FR_FR;14934
HH;32XX;FR_FR;167
FF;44XX;FR_FR;192
HF;44XX;FR_FR;13703
HH;44XX;FR_FR;111
FF;52XX;FR_FR;213
HF;52XX;FR_FR;9642
HH;52XX;FR_FR;125
FF;53XX;FR_FR;163
HF;53XX;FR_FR;7858
HH;53XX;FR_FR;86
FF;75XX;FR_FR;337
HF;75XX;FR_FR;13823
HH;75XX;FR_FR;200
FF;76XX;FR_FR;378
HF;76XX;FR_FR;13721
HH;76XX;FR_FR;232
FF;84XX;FR_FR;380
HF;84XX;FR_FR;20010
HH;84XX;FR_FR;212
FF;93XX;FR_FR;267
HF;93XX;FR_FR;12991
HH;93XX;FR_FR;179
FF;94XX;FR_FR;11
HF;94XX;FR_FR;795
HH;94XX;FR_FR;4
FF;97XX;FR_FR;34
HF;97XX;FR_FR;4590
HH;97XX;FR_FR;17
FF;11XX;TOTAL;567
HF;11XX;TOTAL;44238
HH;11XX;TOTAL;760
FF;24XX;TOTAL;118
HF;24XX;TOTAL;7402
HH;24XX;TOTAL;91
FF;27XX;TOTAL;117
HF;27XX;TOTAL;7735
HH;27XX;TOTAL;90
FF;28XX;TOTAL;170
HF;28XX;TOTAL;9802
HH;28XX;TOTAL;159
FF;32XX;TOTAL;339
HF;32XX;TOTAL;17824
HH;32XX;TOTAL;196
FF;44XX;TOTAL;210
HF;44XX;TOTAL;17292
HH;44XX;TOTAL;141
FF;52XX;TOTAL;229
HF;52XX;TOTAL;11417
HH;52XX;TOTAL;157
FF;53XX;TOTAL;180
HF;53XX;TOTAL;9217
HH;53XX;TOTAL;100
FF;75XX;TOTAL;377
HF;75XX;TOTAL;17053
HH;75XX;TOTAL;254
FF;76XX;TOTAL;436
HF;76XX;TOTAL;18034
HH;76XX;TOTAL;309
FF;84XX;TOTAL;436
HF;84XX;TOTAL;26162
HH;84XX;TOTAL;285
FF;93XX;TOTAL;296
HF;93XX;TOTAL;17987
HH;93XX;TOTAL;246
FF;94XX;TOTAL;12
HF;94XX;TOTAL;992
HH;94XX;TOTAL;6
FF;97XX;TOTAL;41
HF;97XX;TOTAL;5685
HH;97XX;TOTAL;28
FF;FM;ETR_ETR;66
HF;FM;ETR_ETR;16136
HH;FM;ETR_ETR;108
FF;FE;ETR_ETR;68
HF;FE;ETR_ETR;16457
HH;FE;ETR_ETR;109
FF;FM;FR_ETR;345
HF;FM;FR_ETR;35629
HH;FM;FR_ETR;654
FF;FE;FR_ETR;349
HF;FE;FR_ETR;36407
HH;FE;FR_ETR;664
FF;FM;FR_FR;3077
HF;FM;FR_FR;153224
HH;FM;FR_FR;2030
FF;FE;FR_FR;3111
HF;FE;FR_FR;157976
HH;FE;FR_FR;2049
FF;FM;TOTAL;3488
HF;FM;TOTAL;204989
HH;FM;TOTAL;2792
FF;FE;TOTAL;3528
HF;FE;TOTAL;210840
HH;FE;TOTAL;2822
